$$Name$Pricebook2.Name$Product2.StockKeepingUnit$ProductSellingModel.Name$CurrencyIsoCode,CurrencyIsoCode,IsActive,IsDerived,Name,Pricebook2.$$Name$IsStandard,Product2.StockKeepingUnit,ProductSellingModel.$$Name$SellingModelType,UnitPrice
(Remote Cooling) Flanged Connectors ASA;Standard Price Book;FESBA_E080-2;One-Time;USD,USD,true,false,(Remote Cooling) Flanged Connectors ASA,Standard Price Book;true,FESBA_E080-2,One-Time;OneTime,2460
0155-2341-10;Standard Price Book;0155-2341-10-FRD;One-Time;USD,USD,true,false,0155-2341-10,Standard Price Book;true,0155-2341-10-FRD,One-Time;OneTime,2350
0155-2342-10;Standard Price Book;0155-2342-10-FRD;One-Time;USD,USD,true,false,0155-2342-10,Standard Price Book;true,0155-2342-10-FRD,One-Time;OneTime,1260
0155-2696-07;Standard Price Book;0155-2696-07-FRD;One-Time;USD,USD,true,false,0155-2696-07,Standard Price Book;true,0155-2696-07-FRD,One-Time;OneTime,2130
0300-5929-01;Standard Price Book;0300-5929-01-FRD;One-Time;USD,USD,true,false,0300-5929-01,Standard Price Book;true,0300-5929-01-FRD,One-Time;OneTime,410
0300-5929-02;Standard Price Book;0300-5929-02-FRD;One-Time;USD,USD,true,false,0300-5929-02,Standard Price Book;true,0300-5929-02-FRD,One-Time;OneTime,750
0402-0750-01;Standard Price Book;0402-0750-01-FRD;One-Time;USD,USD,true,false,0402-0750-01,Standard Price Book;true,0402-0750-01-FRD,One-Time;OneTime,500
0416-0439;Standard Price Book;0416-0439-FRD;One-Time;USD,USD,true,false,0416-0439,Standard Price Book;true,0416-0439-FRD,One-Time;OneTime,360
0416-0527;Standard Price Book;0416-0527-FRD;One-Time;USD,USD,true,false,0416-0527,Standard Price Book;true,0416-0527-FRD,One-Time;OneTime,300
0541-1204;Standard Price Book;0541-1204-FRD;One-Time;USD,USD,true,false,0541-1204,Standard Price Book;true,0541-1204-FRD,One-Time;OneTime,2160
10% Discount on Labor;Standard Price Book;10-DL;Term Annual;USD,USD,true,false,10% Discount on Labor,Standard Price Book;true,10-DL,Term Annual;TermDefined,0
120/240VAC compatible;Standard Price Book;FESBA_A460-2;One-Time;USD,USD,true,false,120/240VAC compatible,Standard Price Book;true,FESBA_A460-2,One-Time;OneTime,1700
20% Discount on Parts;Standard Price Book;20-DP;Term Annual;USD,USD,true,false,20% Discount on Parts,Standard Price Book;true,20-DP,Term Annual;TermDefined,0
"220/380,3 Phase,Wye,4 Wire;Standard Price Book;FESBA_R099-2;One-Time;USD",USD,true,false,"220/380,3 Phase,Wye,4 Wire",Standard Price Book;true,FESBA_R099-2,One-Time;OneTime,1110
"240/416,3 Phase,Wye,4 Wire;Standard Price Book;FESBA_R003-2;One-Time;USD",USD,true,false,"240/416,3 Phase,Wye,4 Wire",Standard Price Book;true,FESBA_R003-2,One-Time;OneTime,1770
"2400/4160,3 Phase,Wye,4Wire;Standard Price Book;FESBA_R107-2;One-Time;USD",USD,true,false,"2400/4160,3 Phase,Wye,4Wire",Standard Price Book;true,FESBA_R107-2,One-Time;OneTime,2280
"255/440,3 Phase,Wye,4 Wire;Standard Price Book;FESBA_R023-2;One-Time;USD",USD,true,false,"255/440,3 Phase,Wye,4 Wire",Standard Price Book;true,FESBA_R023-2,One-Time;OneTime,2340
"277/480,3 Phase,Wye,4 Wire;Standard Price Book;FESBA_R002-2;One-Time;USD",USD,true,false,"277/480,3 Phase,Wye,4 Wire",Standard Price Book;true,FESBA_R002-2,One-Time;OneTime,540
"347/600,3 Phase,Wye,4 Wire;Standard Price Book;FESBA_R114-2;One-Time;USD",USD,true,false,"347/600,3 Phase,Wye,4 Wire",Standard Price Book;true,FESBA_R114-2,One-Time;OneTime,1160
414LP KAA Skid Steer Loader;Standard Price Book;414LP-KAA-E-SSL;One-Time;USD,USD,true,false,414LP KAA Skid Steer Loader,Standard Price Book;true,414LP-KAA-E-SSL,One-Time;OneTime,43800
"7200/12470,3 Ph,Wye,4 Wire;Standard Price Book;FESBA_R144-2;One-Time;USD",USD,true,false,"7200/12470,3 Ph,Wye,4 Wire",Standard Price Book;true,FESBA_R144-2,One-Time;OneTime,1180
"7621/13200,3 Ph,Wye,4 Wire;Standard Price Book;FESBA_R132-2;One-Time;USD",USD,true,false,"7621/13200,3 Ph,Wye,4 Wire",Standard Price Book;true,FESBA_R132-2,One-Time;OneTime,800
"7976/13800,3 Ph,Wye,4 Wire;Standard Price Book;FESBA_R130-2;One-Time;USD",USD,true,false,"7976/13800,3 Ph,Wye,4 Wire",Standard Price Book;true,FESBA_R130-2,One-Time;OneTime,1330
A030S169;Standard Price Book;A030S169-FRD;One-Time;USD,USD,true,false,A030S169,Standard Price Book;true,A030S169-FRD,One-Time;OneTime,100
A035K427;Standard Price Book;A035K427-FRD;One-Time;USD,USD,true,false,A035K427,Standard Price Book;true,A035K427-FRD,One-Time;OneTime,940
A046D218;Standard Price Book;A046D218-FRD;One-Time;USD,USD,true,false,A046D218,Standard Price Book;true,A046D218-FRD,One-Time;OneTime,1170
A048N280;Standard Price Book;A048N280-FRD;One-Time;USD,USD,true,false,A048N280,Standard Price Book;true,A048N280-FRD,One-Time;OneTime,760
A051H785;Standard Price Book;A051H785-FRD;One-Time;USD,USD,true,false,A051H785,Standard Price Book;true,A051H785-FRD,One-Time;OneTime,540
A051K118;Standard Price Book;A051K118-FRD;One-Time;USD,USD,true,false,A051K118,Standard Price Book;true,A051K118-FRD,One-Time;OneTime,1150
A052X578;Standard Price Book;A052X578-FRD;One-Time;USD,USD,true,false,A052X578,Standard Price Book;true,A052X578-FRD,One-Time;OneTime,2010
A052X580;Standard Price Book;A052X580-FRD;One-Time;USD,USD,true,false,A052X580,Standard Price Book;true,A052X580-FRD,One-Time;OneTime,2210
A052X582;Standard Price Book;A052X582-FRD;One-Time;USD,USD,true,false,A052X582,Standard Price Book;true,A052X582-FRD,One-Time;OneTime,1880
A052X584;Standard Price Book;A052X584-FRD;One-Time;USD,USD,true,false,A052X584,Standard Price Book;true,A052X584-FRD,One-Time;OneTime,2310
A052X586;Standard Price Book;A052X586-FRD;One-Time;USD,USD,true,false,A052X586,Standard Price Book;true,A052X586-FRD,One-Time;OneTime,450
Acetone (ACET-50) - 200L Drum;Standard Price Book;ACET-50-200L;One-Time;USD,USD,true,false,Acetone (ACET-50) - 200L Drum,Standard Price Book;true,ACET-50-200L,One-Time;OneTime,1100
Acetone (ACET-50) - 20L Pail;Standard Price Book;ACET-50-20L;One-Time;USD,USD,true,false,Acetone (ACET-50) - 20L Pail,Standard Price Book;true,ACET-50-20L,One-Time;OneTime,160
Acrylic Resin (AR-300) - 1000KG Tote;Standard Price Book;AR-300-1000KG;One-Time;USD,USD,true,false,Acrylic Resin (AR-300) - 1000KG Tote,Standard Price Book;true,AR-300-1000KG,One-Time;OneTime,3500
Acrylic Resin (AR-300) - 200KG Drum;Standard Price Book;AR-300-200KG-DR;One-Time;USD,USD,true,false,Acrylic Resin (AR-300) - 200KG Drum,Standard Price Book;true,AR-300-200KG-DR,One-Time;OneTime,800
"Alarm-Audible, Engine Shutdown;Standard Price Book;FESBA_KA08-2;One-Time;USD",USD,true,false,"Alarm-Audible, Engine Shutdown",Standard Price Book;true,FESBA_KA08-2,One-Time;OneTime,2060
"Alt-60Hz, 3Phase, 480Volt, 125/105/80C-StbyPrmCont;Standard Price Book;FESBA_B801-2;One-Time;USD",USD,true,false,"Alt-60Hz, 3Phase, 480Volt, 125/105/80C-StbyPrmCont",Standard Price Book;true,FESBA_B801-2,One-Time;OneTime,2340
"Alt-60Hz, Wye, 13.2-13.8kVolt, 105/80C-StbyPrm;Standard Price Book;FESBA_B612-2;One-Time;USD",USD,true,false,"Alt-60Hz, Wye, 13.2-13.8kVolt, 105/80C-StbyPrm",Standard Price Book;true,FESBA_B612-2,One-Time;OneTime,620
"ALT-60Hz, Wye,12.47-13.8kV,125/105/80C (S/P/C);Standard Price Book;FESBA_B448-2;One-Time;USD",USD,true,false,"ALT-60Hz, Wye,12.47-13.8kV,125/105/80C (S/P/C)",Standard Price Book;true,FESBA_B448-2,One-Time;OneTime,1450
"ALT-60Hz,2400/4160V,125/105/80C (S/P/C);Standard Price Book;FESBA_B467-2;One-Time;USD",USD,true,false,"ALT-60Hz,2400/4160V,125/105/80C (S/P/C)",Standard Price Book;true,FESBA_B467-2,One-Time;OneTime,1230
"Alt-60Hz,347/600V,125/105/80C-SPC;Standard Price Book;FESBA_B602-2;One-Time;USD",USD,true,false,"Alt-60Hz,347/600V,125/105/80C-SPC",Standard Price Book;true,FESBA_B602-2,One-Time;OneTime,470
"Alt-60Hz,3Ph,2400/4160V,80C, Stby-Prime,IncrMtrStart;Standard Price Book;FESBA_B905-2;One-Time;USD",USD,true,false,"Alt-60Hz,3Ph,2400/4160V,80C, Stby-Prime,IncrMtrStart",Standard Price Book;true,FESBA_B905-2,One-Time;OneTime,1630
"Alt-60Hz,3Ph,277/480V,80C, Stby-Prime,IncrMtrStart;Standard Price Book;FESBA_B903-2;One-Time;USD",USD,true,false,"Alt-60Hz,3Ph,277/480V,80C, Stby-Prime,IncrMtrStart",Standard Price Book;true,FESBA_B903-2,One-Time;OneTime,510
"Alt-60Hz,3Ph,347/600V,80C, Stby-Prime,IncrMtrStart;Standard Price Book;FESBA_B904-2;One-Time;USD",USD,true,false,"Alt-60Hz,3Ph,347/600V,80C, Stby-Prime,IncrMtrStart",Standard Price Book;true,FESBA_B904-2,One-Time;OneTime,2200
"Alt-60Hz,3Ph,7200/12470V,80C, Stby-Prime,IncrMtrStart;Standard Price Book;FESBA_B906-2;One-Time;USD",USD,true,false,"Alt-60Hz,3Ph,7200/12470V,80C, Stby-Prime,IncrMtrStart",Standard Price Book;true,FESBA_B906-2,One-Time;OneTime,2350
"Alt-60Hz,3Ph,7620/13200V,80C, Stby-Prime,IncrMtrStart;Standard Price Book;FESBA_B907-2;One-Time;USD",USD,true,false,"Alt-60Hz,3Ph,7620/13200V,80C, Stby-Prime,IncrMtrStart",Standard Price Book;true,FESBA_B907-2,One-Time;OneTime,1050
"Alt-60Hz,3Ph,7968/13800V,80C, Stby-Prime,IncrMtrStart;Standard Price Book;FESBA_B909-2;One-Time;USD",USD,true,false,"Alt-60Hz,3Ph,7968/13800V,80C, Stby-Prime,IncrMtrStart",Standard Price Book;true,FESBA_B909-2,One-Time;OneTime,800
"Alt-60Hz,3Ph,Wye,12.47kV,80C-DCC,40C Amb;Standard Price Book;FESBA_BB23-2;One-Time;USD",USD,true,false,"Alt-60Hz,3Ph,Wye,12.47kV,80C-DCC,40C Amb",Standard Price Book;true,FESBA_BB23-2,One-Time;OneTime,1790
"Alt-60Hz,3Ph,Wye,13.2kV,80C-DCC,40C Amb;Standard Price Book;FESBA_BB26-2;One-Time;USD",USD,true,false,"Alt-60Hz,3Ph,Wye,13.2kV,80C-DCC,40C Amb",Standard Price Book;true,FESBA_BB26-2,One-Time;OneTime,1300
"Alt-60Hz,3Ph,Wye,13.8kV,80C-DCC,40C Amb;Standard Price Book;FESBA_BB29-2;One-Time;USD",USD,true,false,"Alt-60Hz,3Ph,Wye,13.8kV,80C-DCC,40C Amb",Standard Price Book;true,FESBA_BB29-2,One-Time;OneTime,2340
"Alt-60Hz,3Ph,Wye,380V,105C-DCC,40C Amb;Standard Price Book;FESBA_BB08-2;One-Time;USD",USD,true,false,"Alt-60Hz,3Ph,Wye,380V,105C-DCC,40C Amb",Standard Price Book;true,FESBA_BB08-2,One-Time;OneTime,2310
"Alt-60Hz,3Ph,Wye,380V,80C-DCC,40C Amb;Standard Price Book;FESBA_BC04-2;One-Time;USD",USD,true,false,"Alt-60Hz,3Ph,Wye,380V,80C-DCC,40C Amb",Standard Price Book;true,FESBA_BC04-2,One-Time;OneTime,1450
"Alt-60Hz,3Ph,Wye,4160V,80C-DCC,40C Amb;Standard Price Book;FESBA_BB20-2;One-Time;USD",USD,true,false,"Alt-60Hz,3Ph,Wye,4160V,80C-DCC,40C Amb",Standard Price Book;true,FESBA_BB20-2,One-Time;OneTime,480
"Alt-60Hz,3Ph,Wye,416V,105C-DCC,40C Amb;Standard Price Book;FESBA_BB10-2;One-Time;USD",USD,true,false,"Alt-60Hz,3Ph,Wye,416V,105C-DCC,40C Amb",Standard Price Book;true,FESBA_BB10-2,One-Time;OneTime,570
"Alt-60Hz,3Ph,Wye,416V,80C-DCC,40C Amb;Standard Price Book;FESBA_BC05-2;One-Time;USD",USD,true,false,"Alt-60Hz,3Ph,Wye,416V,80C-DCC,40C Amb",Standard Price Book;true,FESBA_BC05-2,One-Time;OneTime,690
"Alt-60Hz,3Ph,Wye,440V,105C-DCC,40C Amb;Standard Price Book;FESBA_BB12-2;One-Time;USD",USD,true,false,"Alt-60Hz,3Ph,Wye,440V,105C-DCC,40C Amb",Standard Price Book;true,FESBA_BB12-2,One-Time;OneTime,780
"Alt-60Hz,3Ph,Wye,440V,80C-DCC,40C Amb;Standard Price Book;FESBA_BC03-2;One-Time;USD",USD,true,false,"Alt-60Hz,3Ph,Wye,440V,80C-DCC,40C Amb",Standard Price Book;true,FESBA_BC03-2,One-Time;OneTime,830
"Alt-60Hz,3Ph,Wye,480V,105C-DCC,40C Amb;Standard Price Book;FESBA_BB15-2;One-Time;USD",USD,true,false,"Alt-60Hz,3Ph,Wye,480V,105C-DCC,40C Amb",Standard Price Book;true,FESBA_BB15-2,One-Time;OneTime,1450
"Alt-60Hz,3Ph,Wye,480V,80C-DCC,40C Amb;Standard Price Book;FESBA_BB14-2;One-Time;USD",USD,true,false,"Alt-60Hz,3Ph,Wye,480V,80C-DCC,40C Amb",Standard Price Book;true,FESBA_BB14-2,One-Time;OneTime,1290
"Alt-60Hz,3Ph,Wye,600V,105C-DCC,40C Amb;Standard Price Book;FESBA_BB18-2;One-Time;USD",USD,true,false,"Alt-60Hz,3Ph,Wye,600V,105C-DCC,40C Amb",Standard Price Book;true,FESBA_BB18-2,One-Time;OneTime,2410
"Alt-60Hz,3Ph,Wye,600V,80C-DCC,40C Amb;Standard Price Book;FESBA_BB17-2;One-Time;USD",USD,true,false,"Alt-60Hz,3Ph,Wye,600V,80C-DCC,40C Amb",Standard Price Book;true,FESBA_BB17-2,One-Time;OneTime,610
"ALT-60Hz,Wye,12.47kV,105/80C (S/P);Standard Price Book;FESBA_B567-2;One-Time;USD",USD,true,false,"ALT-60Hz,Wye,12.47kV,105/80C (S/P)",Standard Price Book;true,FESBA_B567-2,One-Time;OneTime,1860
"Alt-60Hz,Wye,220/380V,105/80C-StbyPrm;Standard Price Book;FESBA_B599-2;One-Time;USD",USD,true,false,"Alt-60Hz,Wye,220/380V,105/80C-StbyPrm",Standard Price Book;true,FESBA_B599-2,One-Time;OneTime,1370
"Alt-60Hz,Wye,220/380V,125/105/80C-StbyPrmCont;Standard Price Book;FESBA_B598-2;One-Time;USD",USD,true,false,"Alt-60Hz,Wye,220/380V,125/105/80C-StbyPrmCont",Standard Price Book;true,FESBA_B598-2,One-Time;OneTime,600
"Alt-60Hz,Wye,220/380V,150/125/105C-SD/P/C,40C amb;Standard Price Book;FESBA_B595-2;One-Time;USD",USD,true,false,"Alt-60Hz,Wye,220/380V,150/125/105C-SD/P/C,40C amb",Standard Price Book;true,FESBA_B595-2,One-Time;OneTime,1240
"Alt-60Hz,Wye,440V,125-80C-SPC;Standard Price Book;FESBA_B663-2;One-Time;USD",USD,true,false,"Alt-60Hz,Wye,440V,125-80C-SPC",Standard Price Book;true,FESBA_B663-2,One-Time;OneTime,600
"Alt-60Hz,Wye,440V,150/125SP,40C amb;Standard Price Book;FESBA_B691-2;One-Time;USD",USD,true,false,"Alt-60Hz,Wye,440V,150/125SP,40C amb",Standard Price Book;true,FESBA_B691-2,One-Time;OneTime,870
"Alternator - 60Hz, 3-Phase, Wye, 2400/4160V, 105/80C, StbyPrm;Standard Price Book;FESBA_B313-2;One-Time;USD",USD,true,false,"Alternator - 60Hz, 3-Phase, Wye, 2400/4160V, 105/80C, StbyPrm",Standard Price Book;true,FESBA_B313-2,One-Time;OneTime,940
"Alternator-60 Hz, Wye, 380 Volt, 80C-Stby;Standard Price Book;FESBA_B660-2;One-Time;USD",USD,true,false,"Alternator-60 Hz, Wye, 380 Volt, 80C-Stby",Standard Price Book;true,FESBA_B660-2,One-Time;OneTime,2370
"Alternator-60 Hz, Wye, 440 Volt,105/80C-StbyPrm;Standard Price Book;FESBA_B664-2;One-Time;USD",USD,true,false,"Alternator-60 Hz, Wye, 440 Volt,105/80C-StbyPrm",Standard Price Book;true,FESBA_B664-2,One-Time;OneTime,1780
"Alternator-60 Hz,Wye,240/416 Volt,105/80C-StbyPrm;Standard Price Book;FESBA_B715-2;One-Time;USD",USD,true,false,"Alternator-60 Hz,Wye,240/416 Volt,105/80C-StbyPrm",Standard Price Book;true,FESBA_B715-2,One-Time;OneTime,1500
"Alternator-60Hz, 347/600Volt, 105/80C-StbyPrm;Standard Price Book;FESBA_B603-2;One-Time;USD",USD,true,false,"Alternator-60Hz, 347/600Volt, 105/80C-StbyPrm",Standard Price Book;true,FESBA_B603-2,One-Time;OneTime,1270
"Alternator-60Hz, 347/600Volt, 80C-Stby;Standard Price Book;FESBA_B604-2;One-Time;USD",USD,true,false,"Alternator-60Hz, 347/600Volt, 80C-Stby",Standard Price Book;true,FESBA_B604-2,One-Time;OneTime,960
"Alternator-60Hz, 3Phase, 480Volt, 105/80C-StbyPrm;Standard Price Book;FESBA_B600-2;One-Time;USD",USD,true,false,"Alternator-60Hz, 3Phase, 480Volt, 105/80C-StbyPrm",Standard Price Book;true,FESBA_B600-2,One-Time;OneTime,1170
"Alternator-60Hz, 3Phase, 480Volt, 80C-Stby;Standard Price Book;FESBA_B601-2;One-Time;USD",USD,true,false,"Alternator-60Hz, 3Phase, 480Volt, 80C-Stby",Standard Price Book;true,FESBA_B601-2,One-Time;OneTime,2310
"Alternator-60Hz, Wye, 12.47kVolt, 80C-Stby;Standard Price Book;FESBA_B607-2;One-Time;USD",USD,true,false,"Alternator-60Hz, Wye, 12.47kVolt, 80C-Stby",Standard Price Book;true,FESBA_B607-2,One-Time;OneTime,1990
"Alternator-60Hz, Wye, 13.2-13.8kVolt, 80C-Stby;Standard Price Book;FESBA_B628-2;One-Time;USD",USD,true,false,"Alternator-60Hz, Wye, 13.2-13.8kVolt, 80C-Stby",Standard Price Book;true,FESBA_B628-2,One-Time;OneTime,120
"Alternator-60Hz, Wye, 440 Volt,80C-Stby;Standard Price Book;FESBA_B688-2;One-Time;USD",USD,true,false,"Alternator-60Hz, Wye, 440 Volt,80C-Stby",Standard Price Book;true,FESBA_B688-2,One-Time;OneTime,2100
"Alternator-60Hz,3Phase,480Volt,150C-Stby,40C amb;Standard Price Book;FESBA_B816-2;One-Time;USD",USD,true,false,"Alternator-60Hz,3Phase,480Volt,150C-Stby,40C amb",Standard Price Book;true,FESBA_B816-2,One-Time;OneTime,2010
"Alternator-60Hz,3Phase,600Volt,150C-Stby,40C amb;Standard Price Book;FESBA_B817-2;One-Time;USD",USD,true,false,"Alternator-60Hz,3Phase,600Volt,150C-Stby,40C amb",Standard Price Book;true,FESBA_B817-2,One-Time;OneTime,2350
AMEL Generator Set;Standard Price Book;AMEL-FRD;One-Time;USD,USD,true,false,AMEL Generator Set,Standard Price Book;true,AMEL-FRD,One-Time;OneTime,23699
Ammonia (NH3) - CYL;Standard Price Book;NH3-CYL;One-Time;USD,USD,true,false,Ammonia (NH3) - CYL,Standard Price Book;true,NH3-CYL,One-Time;OneTime,250
AmpSentryTM Protective Relay;Standard Price Book;FESBA_H720-2;One-Time;USD,USD,true,false,AmpSentryTM Protective Relay,Standard Price Book;true,FESBA_H720-2,One-Time;OneTime,1900
Antioxidant (AO-1000) - 25KG Bag;Standard Price Book;AO-1000-25KG;One-Time;USD,USD,true,false,Antioxidant (AO-1000) - 25KG Bag,Standard Price Book;true,AO-1000-25KG,One-Time;OneTime,350
Antioxidant (AO-1000) - 50KG Bag;Standard Price Book;AO-1000-50KG;One-Time;USD,USD,true,false,Antioxidant (AO-1000) - 50KG Bag,Standard Price Book;true,AO-1000-50KG,One-Time;OneTime,600
Battery Charging Alternator;Standard Price Book;FESBA_A333-2;One-Time;USD,USD,true,false,Battery Charging Alternator,Standard Price Book;true,FESBA_A333-2,One-Time;OneTime,1210
"Bearing,1 RTD NDE;Standard Price Book;FESBA_B244-2;One-Time;USD",USD,true,false,"Bearing,1 RTD NDE",Standard Price Book;true,FESBA_B244-2,One-Time;OneTime,550
"Bottom Entry Chute, Left;Standard Price Book;FESBA_KU83-2;One-Time;USD",USD,true,false,"Bottom Entry Chute, Left",Standard Price Book;true,FESBA_KU83-2,One-Time;OneTime,1670
"Bottom Entry Chute, Right;Standard Price Book;FESBA_KU84-2;One-Time;USD",USD,true,false,"Bottom Entry Chute, Right",Standard Price Book;true,FESBA_KU84-2,One-Time;OneTime,1270
"Bottom Entry, Left;Standard Price Book;FESBA_KB73-2;One-Time;USD",USD,true,false,"Bottom Entry, Left",Standard Price Book;true,FESBA_KB73-2,One-Time;OneTime,980
"Bottom Entry, Right;Standard Price Book;FESBA_KB72-2;One-Time;USD",USD,true,false,"Bottom Entry, Right",Standard Price Book;true,FESBA_KB72-2,One-Time;OneTime,1440
"CB-1200A,Left,3P,UL 600,IEC 415,UL Serv Ent,100%;Standard Price Book;FESBA_KP89-2;One-Time;USD",USD,true,false,"CB-1200A,Left,3P,UL 600,IEC 415,UL Serv Ent,100%",Standard Price Book;true,FESBA_KP89-2,One-Time;OneTime,1460
"CB-1200A,Right,3P,UL 600,IEC 415,UL Serv Ent,100%;Standard Price Book;FESBA_KP88-2;One-Time;USD",USD,true,false,"CB-1200A,Right,3P,UL 600,IEC 415,UL Serv Ent,100%",Standard Price Book;true,FESBA_KP88-2,One-Time;OneTime,740
"CB-1600A,Left,3P,UL 600,IEC 415,UL Serv Ent,100%;Standard Price Book;FESBA_KP87-2;One-Time;USD",USD,true,false,"CB-1600A,Left,3P,UL 600,IEC 415,UL Serv Ent,100%",Standard Price Book;true,FESBA_KP87-2,One-Time;OneTime,1700
"CB-1600A,Right,3P,UL 600,IEC 415,UL Serv Ent,100%;Standard Price Book;FESBA_KP86-2;One-Time;USD",USD,true,false,"CB-1600A,Right,3P,UL 600,IEC 415,UL Serv Ent,100%",Standard Price Book;true,FESBA_KP86-2,One-Time;OneTime,540
"CB-2000A,Left,3P,UL 600,IEC 415,UL Serv Ent,100%;Standard Price Book;FESBA_KP85-2;One-Time;USD",USD,true,false,"CB-2000A,Left,3P,UL 600,IEC 415,UL Serv Ent,100%",Standard Price Book;true,FESBA_KP85-2,One-Time;OneTime,2000
"CB-2000A,Right,3P,UL 600,IEC 415,UL Serv Ent,100%;Standard Price Book;FESBA_KP84-2;One-Time;USD",USD,true,false,"CB-2000A,Right,3P,UL 600,IEC 415,UL Serv Ent,100%",Standard Price Book;true,FESBA_KP84-2,One-Time;OneTime,1850
"CB-2500A,Left,3P,UL 600,IEC 415,UL Serv Ent,100%;Standard Price Book;FESBA_KP83-2;One-Time;USD",USD,true,false,"CB-2500A,Left,3P,UL 600,IEC 415,UL Serv Ent,100%",Standard Price Book;true,FESBA_KP83-2,One-Time;OneTime,1100
"CB-2500A,Right,3P,UL 600,IEC 415,UL Serv Ent,100%;Standard Price Book;FESBA_KP82-2;One-Time;USD",USD,true,false,"CB-2500A,Right,3P,UL 600,IEC 415,UL Serv Ent,100%",Standard Price Book;true,FESBA_KP82-2,One-Time;OneTime,660
"CB-3000A,Left,3P,UL 600,IEC 690,UL Serv Ent,100%;Standard Price Book;FESBA_KU68-2;One-Time;USD",USD,true,false,"CB-3000A,Left,3P,UL 600,IEC 690,UL Serv Ent,100%",Standard Price Book;true,FESBA_KU68-2,One-Time;OneTime,1800
"CB-3000A,Right,3P,UL 600,IEC 690,UL Serv Ent,100%;Standard Price Book;FESBA_KU62-2;One-Time;USD",USD,true,false,"CB-3000A,Right,3P,UL 600,IEC 690,UL Serv Ent,100%",Standard Price Book;true,FESBA_KU62-2,One-Time;OneTime,2320
"CB-600A,Left,3P,UL 600,IEC 690,UL Serv Ent,100%;Standard Price Book;FESBA_KP93-2;One-Time;USD",USD,true,false,"CB-600A,Left,3P,UL 600,IEC 690,UL Serv Ent,100%",Standard Price Book;true,FESBA_KP93-2,One-Time;OneTime,1140
"CB-600A,Right,3P,UL 600,IEC 690,UL Serv Ent,100%;Standard Price Book;FESBA_KP92-2;One-Time;USD",USD,true,false,"CB-600A,Right,3P,UL 600,IEC 690,UL Serv Ent,100%",Standard Price Book;true,FESBA_KP92-2,One-Time;OneTime,820
"CB-800A,Left,3P,UL 600,IEC 415,UL Serv Ent,100%;Standard Price Book;FESBA_KP91-2;One-Time;USD",USD,true,false,"CB-800A,Left,3P,UL 600,IEC 415,UL Serv Ent,100%",Standard Price Book;true,FESBA_KP91-2,One-Time;OneTime,830
"CB-800A,Right,3P,UL 600,IEC 415,UL Serv Ent,100%;Standard Price Book;FESBA_KP90-2;One-Time;USD",USD,true,false,"CB-800A,Right,3P,UL 600,IEC 415,UL Serv Ent,100%",Standard Price Book;true,FESBA_KP90-2,One-Time;OneTime,1530
Circuit Breaker or Entrance Box-None;Standard Price Book;FESBA_KP78-2;One-Time;USD,USD,true,false,Circuit Breaker or Entrance Box-None,Standard Price Book;true,FESBA_KP78-2,One-Time;OneTime,1030
Civil Engineer;Standard Price Book;Civil-Engineer;One-Time;USD,USD,true,false,Civil Engineer,Standard Price Book;true,Civil-Engineer,One-Time;OneTime,520
Ckt Brkr Access-Left Side;Standard Price Book;FESBA_KP99-2;One-Time;USD,USD,true,false,Ckt Brkr Access-Left Side,Standard Price Book;true,FESBA_KP99-2,One-Time;OneTime,1970
Ckt Brkr Access-Right Side;Standard Price Book;FESBA_KP98-2;One-Time;USD,USD,true,false,Ckt Brkr Access-Right Side,Standard Price Book;true,FESBA_KP98-2,One-Time;OneTime,1490
"Ckt Brkr Lugs-Mechanical, Left Side;Standard Price Book;FESBA_KR01-2;One-Time;USD",USD,true,false,"Ckt Brkr Lugs-Mechanical, Left Side",Standard Price Book;true,FESBA_KR01-2,One-Time;OneTime,1170
"Ckt Brkr Lugs-Mechanical, Right Side;Standard Price Book;FESBA_KR02-2;One-Time;USD",USD,true,false,"Ckt Brkr Lugs-Mechanical, Right Side",Standard Price Book;true,FESBA_KR02-2,One-Time;OneTime,1170
Conduits and Fittings;Standard Price Book;Generator-Conduit;One-Time;USD,USD,true,false,Conduits and Fittings,Standard Price Book;true,Generator-Conduit,One-Time;OneTime,300
"Coolant Heater-208/240/480V, 40F Minimum Ambient Temp;Standard Price Book;FESBA_H556-2;One-Time;USD",USD,true,false,"Coolant Heater-208/240/480V, 40F Minimum Ambient Temp",Standard Price Book;true,FESBA_H556-2,One-Time;OneTime,380
"Coolant Heater-208/240/480V, Below 40F Ambient Temp;Standard Price Book;FESBA_H557-2;One-Time;USD",USD,true,false,"Coolant Heater-208/240/480V, Below 40F Ambient Temp",Standard Price Book;true,FESBA_H557-2,One-Time;OneTime,900
Corrosion Inhibitor (CI-3000) - 200L Drum;Standard Price Book;CI-3000-200L;One-Time;USD,USD,true,false,Corrosion Inhibitor (CI-3000) - 200L Drum,Standard Price Book;true,CI-3000-200L,One-Time;OneTime,1500
Corrosion Inhibitor (CI-3000) - 20L Pail;Standard Price Book;CI-3000-20L;One-Time;USD,USD,true,false,Corrosion Inhibitor (CI-3000) - 20L Pail,Standard Price Book;true,CI-3000-20L,One-Time;OneTime,200
CUGR Generator Set;Standard Price Book;CUGR-FRD;One-Time;USD,USD,true,false,CUGR Generator Set,Standard Price Book;true,CUGR-FRD,One-Time;OneTime,32999
DCC 10YR UNLIMITED HR P + L;Standard Price Book;FESBA_L255-2;One-Time;USD,USD,true,false,DCC 10YR UNLIMITED HR P + L,Standard Price Book;true,FESBA_L255-2,One-Time;OneTime,600
DCC 10YR UNLIMITED HR P + L + T;Standard Price Book;FESBA_L258-2;One-Time;USD,USD,true,false,DCC 10YR UNLIMITED HR P + L + T,Standard Price Book;true,FESBA_L258-2,One-Time;OneTime,680
DCC 10YR UNLIMITED HR PARTS;Standard Price Book;FESBA_L252-2;One-Time;USD,USD,true,false,DCC 10YR UNLIMITED HR PARTS,Standard Price Book;true,FESBA_L252-2,One-Time;OneTime,1260
DCC 3YR UNLIMITED HR P + L;Standard Price Book;FESBA_L253-2;One-Time;USD,USD,true,false,DCC 3YR UNLIMITED HR P + L,Standard Price Book;true,FESBA_L253-2,One-Time;OneTime,920
DCC 3YR UNLIMITED HR P + L + T;Standard Price Book;FESBA_L256-2;One-Time;USD,USD,true,false,DCC 3YR UNLIMITED HR P + L + T,Standard Price Book;true,FESBA_L256-2,One-Time;OneTime,1270
DCC 3YR UNLIMITED HR PARTS;Standard Price Book;FESBA_L250-2;One-Time;USD,USD,true,false,DCC 3YR UNLIMITED HR PARTS,Standard Price Book;true,FESBA_L250-2,One-Time;OneTime,1920
DCC 5YR UNLIMITED HR P + L;Standard Price Book;FESBA_L254-2;One-Time;USD,USD,true,false,DCC 5YR UNLIMITED HR P + L,Standard Price Book;true,FESBA_L254-2,One-Time;OneTime,2450
DCC 5YR UNLIMITED HR P + L + T;Standard Price Book;FESBA_L257-2;One-Time;USD,USD,true,false,DCC 5YR UNLIMITED HR P + L + T,Standard Price Book;true,FESBA_L257-2,One-Time;OneTime,1130
DCC 5YR UNLIMITED HR PARTS;Standard Price Book;FESBA_L251-2;One-Time;USD,USD,true,false,DCC 5YR UNLIMITED HR PARTS,Standard Price Book;true,FESBA_L251-2,One-Time;OneTime,2120
Defoamer (DF-4000) - 200L Drum;Standard Price Book;DF-4000-200L;One-Time;USD,USD,true,false,Defoamer (DF-4000) - 200L Drum,Standard Price Book;true,DF-4000-200L,One-Time;OneTime,1300
Defoamer (DF-4000) - 20L Pail;Standard Price Book;DF-4000-20L;One-Time;USD,USD,true,false,Defoamer (DF-4000) - 20L Pail,Standard Price Book;true,DF-4000-20L,One-Time;OneTime,250
Differential CT's P7;Standard Price Book;FESBA_KR08-2;One-Time;USD,USD,true,false,Differential CT's P7,Standard Price Book;true,FESBA_KR08-2,One-Time;OneTime,2310
Differential CT's P80;Standard Price Book;FESBA_K993-2;One-Time;USD,USD,true,false,Differential CT's P80,Standard Price Book;true,FESBA_K993-2,One-Time;OneTime,610
Dirt Bucket;Standard Price Book;DIRT-BUCKET;One-Time;USD,USD,true,false,Dirt Bucket,Standard Price Book;true,DIRT-BUCKET,One-Time;OneTime,700
Display - Control LCD;Standard Price Book;FESBA_H678-2;One-Time;USD,USD,true,false,Display - Control LCD,Standard Price Book;true,FESBA_H678-2,One-Time;OneTime,880
"Display, Running Time;Standard Price Book;FESBA_K020-2;One-Time;USD",USD,true,false,"Display, Running Time",Standard Price Book;true,FESBA_K020-2,One-Time;OneTime,2470
Electric Starter Motor - 24V DC;Standard Price Book;FESBA_A334-2;One-Time;USD,USD,true,false,Electric Starter Motor - 24V DC,Standard Price Book;true,FESBA_A334-2,One-Time;OneTime,1540
Electrical Engineer;Standard Price Book;Electrical-Engineer;One-Time;USD,USD,true,false,Electrical Engineer,Standard Price Book;true,Electrical-Engineer,One-Time;OneTime,550
"Eng Cooling-High Ambient Air Temp, Ship Loose;Standard Price Book;FESBA_E128-2;One-Time;USD",USD,true,false,"Eng Cooling-High Ambient Air Temp, Ship Loose",Standard Price Book;true,FESBA_E128-2,One-Time;OneTime,1770
Engine - QSK60-G6;Standard Price Book;FESBA_2940;One-Time;USD,USD,true,false,Engine - QSK60-G6,Standard Price Book;true,FESBA_2940,One-Time;OneTime,1060
Engine Cooling-Enhanced High Ambient Air Temperature;Standard Price Book;FESBA_E126-2;One-Time;USD,USD,true,false,Engine Cooling-Enhanced High Ambient Air Temperature,Standard Price Book;true,FESBA_E126-2,One-Time;OneTime,290
Engine Cooling-High Ambient Air Temperature;Standard Price Book;FESBA_E125-2;One-Time;USD,USD,true,false,Engine Cooling-High Ambient Air Temperature,Standard Price Book;true,FESBA_E125-2,One-Time;OneTime,690
"Entrance Box-Low Voltage,Left;Standard Price Book;FESBA_KU71-2;One-Time;USD",USD,true,false,"Entrance Box-Low Voltage,Left",Standard Price Book;true,FESBA_KU71-2,One-Time;OneTime,2400
"Entrance Box-Low Voltage,Right;Standard Price Book;FESBA_KU70-2;One-Time;USD",USD,true,false,"Entrance Box-Low Voltage,Right",Standard Price Book;true,FESBA_KU70-2,One-Time;OneTime,1340
Entrance Box-Right;Standard Price Book;FESBA_KP94-2;One-Time;USD,USD,true,false,Entrance Box-Right,Standard Price Book;true,FESBA_KP94-2,One-Time;OneTime,1840
Epoxy Resin (EPX-500) - 200KG Drum;Standard Price Book;EPX-500-200KG;One-Time;USD,USD,true,false,Epoxy Resin (EPX-500) - 200KG Drum,Standard Price Book;true,EPX-500-200KG,One-Time;OneTime,900
Epoxy Resin (EPX-500) - 20KG PAIL;Standard Price Book;EPX-500-20KG;One-Time;USD,USD,true,false,Epoxy Resin (EPX-500) - 20KG PAIL,Standard Price Book;true,EPX-500-20KG,One-Time;OneTime,200
Extended Warranty;Standard Price Book;EW;Term Annual;USD,USD,true,false,Extended Warranty,Standard Price Book;true,EW,Term Annual;TermDefined,1000
FESBA 1200kW;Standard Price Book;FESBA_1200;One-Time;USD,USD,true,false,FESBA 1200kW,Standard Price Book;true,FESBA_1200,One-Time;OneTime,2100
FESBA 1500kW;Standard Price Book;FESBA_1500;One-Time;USD,USD,true,false,FESBA 1500kW,Standard Price Book;true,FESBA_1500,One-Time;OneTime,2500
FESBA 1750kW;Standard Price Book;FESBA_1750;One-Time;USD,USD,true,false,FESBA 1750kW,Standard Price Book;true,FESBA_1750,One-Time;OneTime,3100
FESBA 2500kW;Standard Price Book;FESBA_2500;One-Time;USD,USD,true,false,FESBA 2500kW,Standard Price Book;true,FESBA_2500,One-Time;OneTime,4200
FESBA 900kW;Standard Price Book;FESBA_900;One-Time;USD,USD,true,false,FESBA 900kW,Standard Price Book;true,FESBA_900,One-Time;OneTime,1100
FESBA Generator Set;Standard Price Book;FESBA-FRD;One-Time;USD,USD,true,false,FESBA Generator Set,Standard Price Book;true,FESBA-FRD,One-Time;OneTime,49450
"Filters-Eng Oil,Full Flow/Bypass;Standard Price Book;FESBA_H607-2;One-Time;USD",USD,true,false,"Filters-Eng Oil,Full Flow/Bypass",Standard Price Book;true,FESBA_H607-2,One-Time;OneTime,1590
Fluid Analysis;Standard Price Book;FA-Entitlement;Term Annual;USD,USD,true,false,Fluid Analysis,Standard Price Book;true,FA-Entitlement,Term Annual;TermDefined,600
"Fuel Filters-Engine, Duplex;Standard Price Book;FESBA_C278-2;One-Time;USD",USD,true,false,"Fuel Filters-Engine, Duplex",Standard Price Book;true,FESBA_C278-2,One-Time;OneTime,810
"Fuel Filters-Engine, Standard;Standard Price Book;FESBA_3090;One-Time;USD",USD,true,false,"Fuel Filters-Engine, Standard",Standard Price Book;true,FESBA_3090,One-Time;OneTime,1190
GAMD Generator Set;Standard Price Book;GAMD-FRD;One-Time;USD,USD,true,false,GAMD Generator Set,Standard Price Book;true,GAMD-FRD,One-Time;OneTime,17599
Gauge-Exhaust Gas Temperature;Standard Price Book;FESBA_H244-2;One-Time;USD,USD,true,false,Gauge-Exhaust Gas Temperature,Standard Price Book;true,FESBA_H244-2,One-Time;OneTime,850
General Purpose Bucket;Standard Price Book;GP-Bucket;One-Time;USD,USD,true,false,General Purpose Bucket,Standard Price Book;true,GP-Bucket,One-Time;OneTime,600
Genset Warranty Base;Standard Price Book;FESBA_L028-2;One-Time;USD,USD,true,false,Genset Warranty Base,Standard Price Book;true,FESBA_L028-2,One-Time;OneTime,360
GPS Tracker Subscription;Standard Price Book;GPST;Evergreen Annual;USD,USD,true,false,GPS Tracker Subscription,Standard Price Book;true,GPST,Evergreen Annual;Evergreen,2800
GPS Tracker Subscription;Standard Price Book;GPST;Evergreen Monthly;USD,USD,true,false,GPS Tracker Subscription,Standard Price Book;true,GPST,Evergreen Monthly;Evergreen,250
GPS Tracker Subscription;Standard Price Book;GPST;Term Annual;USD,USD,true,false,GPS Tracker Subscription,Standard Price Book;true,GPST,Term Annual;TermDefined,2200
GPS Tracker Subscription;Standard Price Book;GPST;Term Monthly;USD,USD,true,false,GPS Tracker Subscription,Standard Price Book;true,GPST,Term Monthly;TermDefined,200
Ground Fault Indication Relay - None;Standard Price Book;FESBA_KU99-2;One-Time;USD,USD,true,false,Ground Fault Indication Relay - None,Standard Price Book;true,FESBA_KU99-2,One-Time;OneTime,270
Hardened Bearing Cartridge;Standard Price Book;FESBA_B791-2;One-Time;USD,USD,true,false,Hardened Bearing Cartridge,Standard Price Book;true,FESBA_B791-2,One-Time;OneTime,1450
"Heater-Alternator, 110/220 (120/240) Volt AC;Standard Price Book;FESBA_A416-2;One-Time;USD",USD,true,false,"Heater-Alternator, 110/220 (120/240) Volt AC",Standard Price Book;true,FESBA_A416-2,One-Time;OneTime,1020
"Heater-Alternator, 120 Volt AC;Standard Price Book;FESBA_A292-2;One-Time;USD",USD,true,false,"Heater-Alternator, 120 Volt AC",Standard Price Book;true,FESBA_A292-2,One-Time;OneTime,1240
"Heater-Alternator, 240 Volt AC;Standard Price Book;FESBA_A293-2;One-Time;USD",USD,true,false,"Heater-Alternator, 240 Volt AC",Standard Price Book;true,FESBA_A293-2,One-Time;OneTime,1910
Heavy Duty Air Cleaner;Standard Price Book;FESBA_D036-2;One-Time;USD,USD,true,false,Heavy Duty Air Cleaner,Standard Price Book;true,FESBA_D036-2,One-Time;OneTime,1650
Heavy Duty Tires;Standard Price Book;414LP-KAA-TT2;One-Time;USD,USD,true,false,Heavy Duty Tires,Standard Price Book;true,414LP-KAA-TT2,One-Time;OneTime,950
Housing Arrangement - Left & Right Entry;Standard Price Book;FESBA_KU95-2;One-Time;USD,USD,true,false,Housing Arrangement - Left & Right Entry,Standard Price Book;true,FESBA_KU95-2,One-Time;OneTime,2420
Housing Arrangement - Left Entry;Standard Price Book;FESBA_KU93-2;One-Time;USD,USD,true,false,Housing Arrangement - Left Entry,Standard Price Book;true,FESBA_KU93-2,One-Time;OneTime,1170
Housing Arrangement - Right Entry;Standard Price Book;FESBA_KU94-2;One-Time;USD,USD,true,false,Housing Arrangement - Right Entry,Standard Price Book;true,FESBA_KU94-2,One-Time;OneTime,2230
"Indication-Ground Fault, Terminal Box (or) Circuit Breaker Box - Left;Standard Price Book;FESBA_H723-2;One-Time;USD",USD,true,false,"Indication-Ground Fault, Terminal Box (or) Circuit Breaker Box - Left",Standard Price Book;true,FESBA_H723-2,One-Time;OneTime,2070
"Indication-Ground Fault, Terminal Box (or) Circuit Breaker Box - Right;Standard Price Book;FESBA_H724-2;One-Time;USD",USD,true,false,"Indication-Ground Fault, Terminal Box (or) Circuit Breaker Box - Right",Standard Price Book;true,FESBA_H724-2,One-Time;OneTime,930
"Indication-Ground Fault,3-PoleXfrSw;Standard Price Book;FESBA_H666-2;One-Time;USD",USD,true,false,"Indication-Ground Fault,3-PoleXfrSw",Standard Price Book;true,FESBA_H666-2,One-Time;OneTime,2390
Installation Fee;Standard Price Book;Install-Fee;One-Time;USD,USD,true,true,Installation Fee,Standard Price Book;true,Install-Fee,One-Time;OneTime,0
Level 1 Sound Attenuated Enclosure;Standard Price Book;FESBA_S1ENC;One-Time;USD,USD,true,false,Level 1 Sound Attenuated Enclosure,Standard Price Book;true,FESBA_S1ENC,One-Time;OneTime,4599
Level 2 Sound Attenuated Enclosure;Standard Price Book;FESBA_S2ENC;One-Time;USD,USD,true,false,Level 2 Sound Attenuated Enclosure,Standard Price Book;true,FESBA_S2ENC,One-Time;OneTime,6799
Level 3 Sound Attenuated Enclosure;Standard Price Book;FESBA_S3ENC;One-Time;USD,USD,true,false,Level 3 Sound Attenuated Enclosure,Standard Price Book;true,FESBA_S3ENC,One-Time;OneTime,8999
Literature-Brazilian Portuguese;Standard Price Book;FESBA_L245-2;One-Time;USD,USD,true,false,Literature-Brazilian Portuguese,Standard Price Book;true,FESBA_L245-2,One-Time;OneTime,0
Literature-Chinese;Standard Price Book;FESBA_L057-2;One-Time;USD,USD,true,false,Literature-Chinese,Standard Price Book;true,FESBA_L057-2,One-Time;OneTime,0
Literature-Danish;Standard Price Book;FESBA_L115-2;One-Time;USD,USD,true,false,Literature-Danish,Standard Price Book;true,FESBA_L115-2,One-Time;OneTime,0
Literature-Dutch;Standard Price Book;FESBA_L072-2;One-Time;USD,USD,true,false,Literature-Dutch,Standard Price Book;true,FESBA_L072-2,One-Time;OneTime,0
Literature-English;Standard Price Book;FESBA_L050-2;One-Time;USD,USD,true,false,Literature-English,Standard Price Book;true,FESBA_L050-2,One-Time;OneTime,0
Literature-Finnish;Standard Price Book;FESBA_L114-2;One-Time;USD,USD,true,false,Literature-Finnish,Standard Price Book;true,FESBA_L114-2,One-Time;OneTime,0
Literature-French;Standard Price Book;FESBA_L052-2;One-Time;USD,USD,true,false,Literature-French,Standard Price Book;true,FESBA_L052-2,One-Time;OneTime,0
Literature-German;Standard Price Book;FESBA_L068-2;One-Time;USD,USD,true,false,Literature-German,Standard Price Book;true,FESBA_L068-2,One-Time;OneTime,0
Literature-Greek;Standard Price Book;FESBA_L074-2;One-Time;USD,USD,true,false,Literature-Greek,Standard Price Book;true,FESBA_L074-2,One-Time;OneTime,0
Literature-Italian;Standard Price Book;FESBA_L069-2;One-Time;USD,USD,true,false,Literature-Italian,Standard Price Book;true,FESBA_L069-2,One-Time;OneTime,0
Literature-Norwegian;Standard Price Book;FESBA_L136-2;One-Time;USD,USD,true,false,Literature-Norwegian,Standard Price Book;true,FESBA_L136-2,One-Time;OneTime,0
Literature-Portuguese;Standard Price Book;FESBA_L071-2;One-Time;USD,USD,true,false,Literature-Portuguese,Standard Price Book;true,FESBA_L071-2,One-Time;OneTime,0
Literature-Russian;Standard Price Book;FESBA_L073-2;One-Time;USD,USD,true,false,Literature-Russian,Standard Price Book;true,FESBA_L073-2,One-Time;OneTime,0
Literature-Spanish;Standard Price Book;FESBA_L051-2;One-Time;USD,USD,true,false,Literature-Spanish,Standard Price Book;true,FESBA_L051-2,One-Time;OneTime,0
Literature-Swedish;Standard Price Book;FESBA_L070-2;One-Time;USD,USD,true,false,Literature-Swedish,Standard Price Book;true,FESBA_L070-2,One-Time;OneTime,0
Maintenance Visit;Standard Price Book;MV;Term Annual;USD,USD,true,false,Maintenance Visit,Standard Price Book;true,MV,Term Annual;TermDefined,250
Mechanical Engineer;Standard Price Book;Mechanical-Engineer;One-Time;USD,USD,true,false,Mechanical Engineer,Standard Price Book;true,Mechanical-Engineer,One-Time;OneTime,500
"Meters-AC Output,Analog;Standard Price Book;FESBA_H606-2;One-Time;USD",USD,true,false,"Meters-AC Output,Analog",Standard Price Book;true,FESBA_H606-2,One-Time;OneTime,1630
Mounting Hardware;Standard Price Book;Mounting-Hardware;One-Time;USD,USD,true,false,Mounting Hardware,Standard Price Book;true,Mounting-Hardware,One-Time;OneTime,200
No Enclosure;Standard Price Book;FESBA_NOENC;One-Time;USD,USD,true,false,No Enclosure,Standard Price Book;true,FESBA_NOENC,One-Time;OneTime,0
None Supplied (Remote Cooling);Standard Price Book;FESBA_E043-2;One-Time;USD,USD,true,false,None Supplied (Remote Cooling),Standard Price Book;true,FESBA_E043-2,One-Time;OneTime,130
Normal Duty Air Cleaner;Standard Price Book;FESBA_D041-2;One-Time;USD,USD,true,false,Normal Duty Air Cleaner,Standard Price Book;true,FESBA_D041-2,One-Time;OneTime,1820
Oil Filter;Standard Price Book;RHO-ENG-022;One-Time;USD,USD,true,false,Oil Filter,Standard Price Book;true,RHO-ENG-022,One-Time;OneTime,21
Oil Pan-High Capacity;Standard Price Book;FESBA_H110-2;One-Time;USD,USD,true,false,Oil Pan-High Capacity,Standard Price Book;true,FESBA_H110-2,One-Time;OneTime,1910
Oil Sampling Valve;Standard Price Book;FESBA_H734-2;One-Time;USD,USD,true,false,Oil Sampling Valve,Standard Price Book;true,FESBA_H734-2,One-Time;OneTime,1240
"Output Terminals-2-Hole Lug, NEMA;Standard Price Book;FESBA_KR78-2;One-Time;USD",USD,true,false,"Output Terminals-2-Hole Lug, NEMA",Standard Price Book;true,FESBA_KR78-2,One-Time;OneTime,270
Packing-None;Standard Price Book;FESBA_A358-2;One-Time;USD,USD,true,false,Packing-None,Standard Price Book;true,FESBA_A358-2,One-Time;OneTime,2440
PMG;Standard Price Book;FESBA_3750;One-Time;USD,USD,true,false,PMG,Standard Price Book;true,FESBA_3750,One-Time;OneTime,600
Polyethylene (PE-1000) - 25KG Bag;Standard Price Book;PE-1000-25KG;One-Time;USD,USD,true,false,Polyethylene (PE-1000) - 25KG Bag,Standard Price Book;true,PE-1000-25KG,One-Time;OneTime,150
Polymerization Catalyst (PC-500) - 5KG Pail;Standard Price Book;PC-500-5KG;One-Time;USD,USD,true,false,Polymerization Catalyst (PC-500) - 5KG Pail,Standard Price Book;true,PC-500-5KG,One-Time;OneTime,250
PowerCommand 3.3;Standard Price Book;FESBA_H704-2;One-Time;USD,USD,true,false,PowerCommand 3.3,Standard Price Book;true,FESBA_H704-2,One-Time;OneTime,2050
PowerCommand 3.3 with MLD;Standard Price Book;FESBA_KX21-2;One-Time;USD,USD,true,false,PowerCommand 3.3 with MLD,Standard Price Book;true,FESBA_KX21-2,One-Time;OneTime,1770
PR 2YR 4000HR P + L + T;Standard Price Book;FESBA_L191-2;One-Time;USD,USD,true,false,PR 2YR 4000HR P + L + T,Standard Price Book;true,FESBA_L191-2,One-Time;OneTime,2160
PR 3YR 6000HR P + L + T;Standard Price Book;FESBA_L192-2;One-Time;USD,USD,true,false,PR 3YR 6000HR P + L + T,Standard Price Book;true,FESBA_L192-2,One-Time;OneTime,590
RELAYS-USER CONFIGURED;Standard Price Book;FESBA_KX24-2;One-Time;USD,USD,true,false,RELAYS-USER CONFIGURED,Standard Price Book;true,FESBA_KX24-2,One-Time;OneTime,2090
Remote Monitoring Services;Standard Price Book;Remote-Monitoring;Term Annual;USD,USD,true,false,Remote Monitoring Services,Standard Price Book;true,Remote-Monitoring,Term Annual;TermDefined,1500
Separator-Fuel/Water;Standard Price Book;FESBA_C127-2;One-Time;USD,USD,true,false,Separator-Fuel/Water,Standard Price Book;true,FESBA_C127-2,One-Time;OneTime,1070
Service Contract;Standard Price Book;SC-GOLD;Term Annual;USD,USD,true,false,Service Contract,Standard Price Book;true,SC-GOLD,Term Annual;TermDefined,15000
Shutdown-Low Coolant Level;Standard Price Book;FESBA_H389-2;One-Time;USD,USD,true,false,Shutdown-Low Coolant Level,Standard Price Book;true,FESBA_H389-2,One-Time;OneTime,150
"Signals - Auxiliary 2, 8 Inputs/8 Outputs;Standard Price Book;FESBA_KY01-2;One-Time;USD",USD,true,false,"Signals - Auxiliary 2, 8 Inputs/8 Outputs",Standard Price Book;true,FESBA_KY01-2,One-Time;OneTime,860
"Signals - Auxiliary, 8 Inputs/8 Outputs;Standard Price Book;FESBA_KS53-2;One-Time;USD",USD,true,false,"Signals - Auxiliary, 8 Inputs/8 Outputs",Standard Price Book;true,FESBA_KS53-2,One-Time;OneTime,1660
Sodium Hydroxide (NaOH) - 25KG Bag;Standard Price Book;NaOH-25KG;One-Time;USD,USD,true,false,Sodium Hydroxide (NaOH) - 25KG Bag,Standard Price Book;true,NaOH-25KG,One-Time;OneTime,80
Sodium Hydroxide (NaOH) - 50KG Bag;Standard Price Book;NaOH-50KG;One-Time;USD,USD,true,false,Sodium Hydroxide (NaOH) - 50KG Bag,Standard Price Book;true,NaOH-50KG,One-Time;OneTime,150
Sound Reduction Option;Standard Price Book;414LP-KAA-CAB2;One-Time;USD,USD,true,false,Sound Reduction Option,Standard Price Book;true,414LP-KAA-CAB2,One-Time;OneTime,800
Spark Plugs;Standard Price Book;EP-43253;One-Time;USD,USD,true,false,Spark Plugs,Standard Price Book;true,EP-43253,One-Time;OneTime,5.75
ST 10YR 5000HR PARTS;Standard Price Book;FESBA_L184-2;One-Time;USD,USD,true,false,ST 10YR 5000HR PARTS,Standard Price Book;true,FESBA_L184-2,One-Time;OneTime,1270
ST 10YR 5000HR Parts + Labor;Standard Price Book;FESBA_L187-2;One-Time;USD,USD,true,false,ST 10YR 5000HR Parts + Labor,Standard Price Book;true,FESBA_L187-2,One-Time;OneTime,510
ST 10YR 5000HR Parts + Labor + Travel;Standard Price Book;FESBA_L190-2;One-Time;USD,USD,true,false,ST 10YR 5000HR Parts + Labor + Travel,Standard Price Book;true,FESBA_L190-2,One-Time;OneTime,1770
ST 3YR 1500HR PARTS;Standard Price Book;FESBA_L182-2;One-Time;USD,USD,true,false,ST 3YR 1500HR PARTS,Standard Price Book;true,FESBA_L182-2,One-Time;OneTime,880
ST 3YR 1500HR Parts + Labor;Standard Price Book;FESBA_L185-2;One-Time;USD,USD,true,false,ST 3YR 1500HR Parts + Labor,Standard Price Book;true,FESBA_L185-2,One-Time;OneTime,2490
ST 3YR 1500HR Parts + Labor + Travel;Standard Price Book;FESBA_L188-2;One-Time;USD,USD,true,false,ST 3YR 1500HR Parts + Labor + Travel,Standard Price Book;true,FESBA_L188-2,One-Time;OneTime,2310
ST 5YR 2500HR PARTS;Standard Price Book;FESBA_L183-2;One-Time;USD,USD,true,false,ST 5YR 2500HR PARTS,Standard Price Book;true,FESBA_L183-2,One-Time;OneTime,1050
ST 5YR 2500HR Parts + Labor;Standard Price Book;FESBA_L186-2;One-Time;USD,USD,true,false,ST 5YR 2500HR Parts + Labor,Standard Price Book;true,FESBA_L186-2,One-Time;OneTime,620
ST 5YR 2500HR Parts + Labor + Travel;Standard Price Book;FESBA_L189-2;One-Time;USD,USD,true,false,ST 5YR 2500HR Parts + Labor + Travel,Standard Price Book;true,FESBA_L189-2,One-Time;OneTime,1790
Standard Duty Tires;Standard Price Book;414LP-KAA-TT1;One-Time;USD,USD,true,false,Standard Duty Tires,Standard Price Book;true,414LP-KAA-TT1,One-Time;OneTime,450
Standard Year Warranty;Standard Price Book;WARR-STD-1YR;Term Annual;USD,USD,true,false,Standard Year Warranty,Standard Price Book;true,WARR-STD-1YR,Term Annual;TermDefined,0
Subscription;Standard Price Book;SUB;Evergreen Annual;USD,USD,true,false,Subscription,Standard Price Book;true,SUB,Evergreen Annual;Evergreen,420
Subscription;Standard Price Book;SUB;Evergreen Monthly;USD,USD,true,false,Subscription,Standard Price Book;true,SUB,Evergreen Monthly;Evergreen,35
Subscription;Standard Price Book;SUB;Term Annual;USD,USD,true,false,Subscription,Standard Price Book;true,SUB,Term Annual;TermDefined,360
Subscription;Standard Price Book;SUB;Term Monthly;USD,USD,true,false,Subscription,Standard Price Book;true,SUB,Term Monthly;TermDefined,30
Sulfuric Acid (H2SO4) - 1000L IBC;Standard Price Book;H2SO4-1000L-IBC;One-Time;USD,USD,true,false,Sulfuric Acid (H2SO4) - 1000L IBC,Standard Price Book;true,H2SO4-1000L-IBC,One-Time;OneTime,1500
Sulfuric Acid (H2SO4) - 200L Drum;Standard Price Book;H2SO4-200L-DR;One-Time;USD,USD,true,false,Sulfuric Acid (H2SO4) - 200L Drum,Standard Price Book;true,H2SO4-200L-DR,One-Time;OneTime,400
Suspension Seat;Standard Price Book;414LP-KAA-CAB3;One-Time;USD,USD,true,false,Suspension Seat,Standard Price Book;true,414LP-KAA-CAB3,One-Time;OneTime,380
Synthetic Engine Oil;Standard Price Book;RLM-SW-40;One-Time;USD,USD,true,false,Synthetic Engine Oil,Standard Price Book;true,RLM-SW-40,One-Time;OneTime,30
"Temp Sens-Stator, 2 RTD/Ph;Standard Price Book;FESBA_B225-2;One-Time;USD",USD,true,false,"Temp Sens-Stator, 2 RTD/Ph",Standard Price Book;true,FESBA_B225-2,One-Time;OneTime,800
"Terminal Box-Low Voltage,Left;Standard Price Book;FESBA_KC53-2;One-Time;USD",USD,true,false,"Terminal Box-Low Voltage,Left",Standard Price Book;true,FESBA_KC53-2,One-Time;OneTime,1650
"Terminal Box-Low Voltage,Right;Standard Price Book;FESBA_KC52-2;One-Time;USD",USD,true,false,"Terminal Box-Low Voltage,Right",Standard Price Book;true,FESBA_KC52-2,One-Time;OneTime,620
"Terminal Housing-Bottom Entrance,Medium/High Volts;Standard Price Book;FESBA_KS57-2;One-Time;USD",USD,true,false,"Terminal Housing-Bottom Entrance,Medium/High Volts",Standard Price Book;true,FESBA_KS57-2,One-Time;OneTime,1570
"Terminal Housing-Top Entrance,Medium/High Volts;Standard Price Book;FESBA_KS58-2;One-Time;USD",USD,true,false,"Terminal Housing-Top Entrance,Medium/High Volts",Standard Price Book;true,FESBA_KS58-2,One-Time;OneTime,1870
"Terminal Hsg-Alternator Mounted,BotEntr,LV,NEMA 2-HoleConn;Standard Price Book;FESBA_F258-2;One-Time;USD",USD,true,false,"Terminal Hsg-Alternator Mounted,BotEntr,LV,NEMA 2-HoleConn",Standard Price Book;true,FESBA_F258-2,One-Time;OneTime,1940
"Terminal Hsg-Alternator Mounted,TopEntr,LV,NEMA 2-HoleConn;Standard Price Book;FESBA_F259-2;One-Time;USD",USD,true,false,"Terminal Hsg-Alternator Mounted,TopEntr,LV,NEMA 2-HoleConn",Standard Price Book;true,FESBA_F259-2,One-Time;OneTime,710
Test - Standard Factory;Standard Price Book;FESBA_5860;One-Time;USD,USD,true,false,Test - Standard Factory,Standard Price Book;true,FESBA_5860,One-Time;OneTime,2090
Test - Witness;Standard Price Book;FESBA_L027-2;One-Time;USD,USD,true,false,Test - Witness,Standard Price Book;true,FESBA_L027-2,One-Time;OneTime,710
Test Record-Amb Temp/Pres;Standard Price Book;FESBA_L025-2;One-Time;USD,USD,true,false,Test Record-Amb Temp/Pres,Standard Price Book;true,FESBA_L025-2,One-Time;OneTime,2280
Test Record-Certified;Standard Price Book;FESBA_L026-2;One-Time;USD,USD,true,false,Test Record-Certified,Standard Price Book;true,FESBA_L026-2,One-Time;OneTime,660
Test Record-Exhaust Temp;Standard Price Book;FESBA_L024-2;One-Time;USD,USD,true,false,Test Record-Exhaust Temp,Standard Price Book;true,FESBA_L024-2,One-Time;OneTime,1990
Test Record-Safety Shutdowns;Standard Price Book;FESBA_L023-2;One-Time;USD,USD,true,false,Test Record-Safety Shutdowns,Standard Price Book;true,FESBA_L023-2,One-Time;OneTime,1530
Test Record-Strip Chart;Standard Price Book;FESBA_L010-2;One-Time;USD,USD,true,false,Test Record-Strip Chart,Standard Price Book;true,FESBA_L010-2,One-Time;OneTime,770
"Test-Extended, Prime Load, 1Hr;Standard Price Book;FESBA_L011-2;One-Time;USD",USD,true,false,"Test-Extended, Prime Load, 1Hr",Standard Price Book;true,FESBA_L011-2,One-Time;OneTime,2480
"Test-Extended, Prime Load, 8Hr;Standard Price Book;FESBA_L014-2;One-Time;USD",USD,true,false,"Test-Extended, Prime Load, 8Hr",Standard Price Book;true,FESBA_L014-2,One-Time;OneTime,2420
"Test-Extended, Standby Load, 1;Standard Price Book;FESBA_L015-2;One-Time;USD",USD,true,false,"Test-Extended, Standby Load, 1",Standard Price Book;true,FESBA_L015-2,One-Time;OneTime,1650
"Test-Extended, Standby Load, 2;Standard Price Book;FESBA_L016-2;One-Time;USD",USD,true,false,"Test-Extended, Standby Load, 2",Standard Price Book;true,FESBA_L016-2,One-Time;OneTime,1190
"Test-Extended, Standby Load, 4;Standard Price Book;FESBA_L017-2;One-Time;USD",USD,true,false,"Test-Extended, Standby Load, 4",Standard Price Book;true,FESBA_L017-2,One-Time;OneTime,2470
"Test-Extnd, Prime Ld,2Hr;Standard Price Book;FESBA_L012-2;One-Time;USD",USD,true,false,"Test-Extnd, Prime Ld,2Hr",Standard Price Book;true,FESBA_L012-2,One-Time;OneTime,1400
"Test-Extnd, Prime Ld,4Hr;Standard Price Book;FESBA_L013-2;One-Time;USD",USD,true,false,"Test-Extnd, Prime Ld,4Hr",Standard Price Book;true,FESBA_L013-2,One-Time;OneTime,930
"Test-Extnd,Stndby Ld,8Hr;Standard Price Book;FESBA_L018-2;One-Time;USD",USD,true,false,"Test-Extnd,Stndby Ld,8Hr",Standard Price Book;true,FESBA_L018-2,One-Time;OneTime,1980
Test-Independent Laboratory;Standard Price Book;FESBA_L038-2;One-Time;USD,USD,true,false,Test-Independent Laboratory,Standard Price Book;true,FESBA_L038-2,One-Time;OneTime,370
"Test-Varied Ld,6Hr,3 Step;Standard Price Book;FESBA_L022-2;One-Time;USD",USD,true,false,"Test-Varied Ld,6Hr,3 Step",Standard Price Book;true,FESBA_L022-2,One-Time;OneTime,1310
"Test-Varied Load, 4Hr, 2Step;Standard Price Book;FESBA_L021-2;One-Time;USD",USD,true,false,"Test-Varied Load, 4Hr, 2Step",Standard Price Book;true,FESBA_L021-2,One-Time;OneTime,2390
"Test-Varied Load,1 Hour,2 Step;Standard Price Book;FESBA_L019-2;One-Time;USD",USD,true,false,"Test-Varied Load,1 Hour,2 Step",Standard Price Book;true,FESBA_L019-2,One-Time;OneTime,290
"Test-Varied Load,2Hr,2 Step;Standard Price Book;FESBA_L020-2;One-Time;USD",USD,true,false,"Test-Varied Load,2Hr,2 Step",Standard Price Book;true,FESBA_L020-2,One-Time;OneTime,2300
Titanium Dioxide (TiO2-500) - 1000KG Sack;Standard Price Book;TiO2-500-1000KG;One-Time;USD,USD,true,false,Titanium Dioxide (TiO2-500) - 1000KG Sack,Standard Price Book;true,TiO2-500-1000KG,One-Time;OneTime,2000
Titanium Dioxide (TiO2-500) - 25KG Bag;Standard Price Book;TiO2-500-25KG;One-Time;USD,USD,true,false,Titanium Dioxide (TiO2-500) - 25KG Bag,Standard Price Book;true,TiO2-500-25KG,One-Time;OneTime,120
Toluene (TOL-100) - 1000L IBC;Standard Price Book;TOL-100-1000L;One-Time;USD,USD,true,false,Toluene (TOL-100) - 1000L IBC,Standard Price Book;true,TOL-100-1000L,One-Time;OneTime,1000
Toluene (TOL-100) - 200L Drum;Standard Price Book;TOL-100-200L;One-Time;USD,USD,true,false,Toluene (TOL-100) - 200L Drum,Standard Price Book;true,TOL-100-200L,One-Time;OneTime,300
"Top Entry, Left;Standard Price Book;FESBA_KB71-2;One-Time;USD",USD,true,false,"Top Entry, Left",Standard Price Book;true,FESBA_KB71-2,One-Time;OneTime,170
"Top Entry, Right;Standard Price Book;FESBA_KB70-2;One-Time;USD",USD,true,false,"Top Entry, Right",Standard Price Book;true,FESBA_KB70-2,One-Time;OneTime,500
Trenching Bucket;Standard Price Book;TRENCHING-BUCKET;One-Time;USD,USD,true,false,Trenching Bucket,Standard Price Book;true,TRENCHING-BUCKET,One-Time;OneTime,900
UV Stabilizer (UV-2000) - 25KG Bag;Standard Price Book;UV-2000-25KG;One-Time;USD,USD,true,false,UV Stabilizer (UV-2000) - 25KG Bag,Standard Price Book;true,UV-2000-25KG,One-Time;OneTime,450
Warning-Low Coolant Level;Standard Price Book;FESBA_H527-2;One-Time;USD,USD,true,false,Warning-Low Coolant Level,Standard Price Book;true,FESBA_H527-2,One-Time;OneTime,1920
Weather Protected Enclosure;Standard Price Book;FESBA_WHENC;One-Time;USD,USD,true,false,Weather Protected Enclosure,Standard Price Book;true,FESBA_WHENC,One-Time;OneTime,2399
Wiring & Cables;Standard Price Book;Generator-Wiring;One-Time;USD,USD,true,false,Wiring & Cables,Standard Price Book;true,Generator-Wiring,One-Time;OneTime,450
Xylene (XYL-200) - 1000L IBC;Standard Price Book;XYL-200-1000L;One-Time;USD,USD,true,false,Xylene (XYL-200) - 1000L IBC,Standard Price Book;true,XYL-200-1000L,One-Time;OneTime,900
Xylene (XYL-200) - 200L Drum;Standard Price Book;XYL-200-200L;One-Time;USD,USD,true,false,Xylene (XYL-200) - 200L Drum,Standard Price Book;true,XYL-200-200L,One-Time;OneTime,350
Subscription;Standard Price Book;SUB;Evergreen Annual;JPY,JPY,true,false,Subscription,Standard Price Book;true,SUB,Evergreen Annual;Evergreen,63500
Subscription;Standard Price Book;SUB;Evergreen Monthly;JPY,JPY,true,false,Subscription,Standard Price Book;true,SUB,Evergreen Monthly;Evergreen,5300
Subscription;Standard Price Book;SUB;Term Annual;JPY,JPY,true,false,Subscription,Standard Price Book;true,SUB,Term Annual;TermDefined,54470
Subscription;Standard Price Book;SUB;Term Monthly;JPY,JPY,true,false,Subscription,Standard Price Book;true,SUB,Term Monthly;TermDefined,4540
Subscription;Standard Price Book;SUB;Evergreen Annual;GBP,GBP,true,false,Subscription,Standard Price Book;true,SUB,Evergreen Annual;Evergreen,330
Subscription;Standard Price Book;SUB;Evergreen Monthly;GBP,GBP,true,false,Subscription,Standard Price Book;true,SUB,Evergreen Monthly;Evergreen,30
Subscription;Standard Price Book;SUB;Term Annual;GBP,GBP,true,false,Subscription,Standard Price Book;true,SUB,Term Annual;TermDefined,280
Subscription;Standard Price Book;SUB;Term Monthly;GBP,GBP,true,false,Subscription,Standard Price Book;true,SUB,Term Monthly;TermDefined,20
Subscription;Standard Price Book;SUB;Evergreen Annual;EUR,EUR,true,false,Subscription,Standard Price Book;true,SUB,Evergreen Annual;Evergreen,390
Subscription;Standard Price Book;SUB;Evergreen Monthly;EUR,EUR,true,false,Subscription,Standard Price Book;true,SUB,Evergreen Monthly;Evergreen,30
Subscription;Standard Price Book;SUB;Term Annual;EUR,EUR,true,false,Subscription,Standard Price Book;true,SUB,Term Annual;TermDefined,330
Subscription;Standard Price Book;SUB;Term Monthly;EUR,EUR,true,false,Subscription,Standard Price Book;true,SUB,Term Monthly;TermDefined,30
Subscription;Standard Price Book;SUB;Evergreen Annual;CHF,CHF,true,false,Subscription,Standard Price Book;true,SUB,Evergreen Annual;Evergreen,370
Subscription;Standard Price Book;SUB;Evergreen Monthly;CHF,CHF,true,false,Subscription,Standard Price Book;true,SUB,Evergreen Monthly;Evergreen,30
Subscription;Standard Price Book;SUB;Term Annual;CHF,CHF,true,false,Subscription,Standard Price Book;true,SUB,Term Annual;TermDefined,320
Subscription;Standard Price Book;SUB;Term Monthly;CHF,CHF,true,false,Subscription,Standard Price Book;true,SUB,Term Monthly;TermDefined,30
Subscription;Standard Price Book;SUB;Evergreen Annual;CAD,CAD,true,false,Subscription,Standard Price Book;true,SUB,Evergreen Annual;Evergreen,570
Subscription;Standard Price Book;SUB;Evergreen Monthly;CAD,CAD,true,false,Subscription,Standard Price Book;true,SUB,Evergreen Monthly;Evergreen,50
Subscription;Standard Price Book;SUB;Term Annual;CAD,CAD,true,false,Subscription,Standard Price Book;true,SUB,Term Annual;TermDefined,490
Subscription;Standard Price Book;SUB;Term Monthly;CAD,CAD,true,false,Subscription,Standard Price Book;true,SUB,Term Monthly;TermDefined,40
Subscription;Standard Price Book;SUB;Evergreen Annual;AUD,AUD,true,false,Subscription,Standard Price Book;true,SUB,Evergreen Annual;Evergreen,640
Subscription;Standard Price Book;SUB;Evergreen Monthly;AUD,AUD,true,false,Subscription,Standard Price Book;true,SUB,Evergreen Monthly;Evergreen,50
Subscription;Standard Price Book;SUB;Term Annual;AUD,AUD,true,false,Subscription,Standard Price Book;true,SUB,Term Annual;TermDefined,550
Subscription;Standard Price Book;SUB;Term Monthly;AUD,AUD,true,false,Subscription,Standard Price Book;true,SUB,Term Monthly;TermDefined,50
